Algorithm,Happiness Score,Execution Time (s),Efficiency (Happiness/Second)
Random,-296,0.001992464065551758,-148559.7683379203
Hill Climbing,1270,8.04202151298523,157.920492745433
Simulated Annealing,1345,21.914657592773438,61.374447412928156
Tabu Search,1223,16.130333423614502,75.8198834383393
Genetic Algorithm,1314,23.16080594062805,56.733777026947806
K-means,1141,3.767336845397949,302.8664669032202
Greedy,1223,6.371460437774658,191.94971261991446
