Algorithm,Happiness Score,Execution Time (s),Efficiency
Hill Climbing,3286,93.77214193344116,35.04239033307334
Simulated Annealing,3282,91.88072419166565,35.72022346225374
Tabu Search,3282,119.81053900718689,27.393249602216777
Genetic Algorithm,3344,140.10718488693237,23.86744122150934
K-means,2836,14.302777528762817,198.28316523114603
Greedy,3282,89.90037155151367,36.50707937418686
