Algorithm,Happiness Score,Execution Time (s),Efficiency (Happiness/Second)
Random,-189,0.003999233245849609,-47259.059019911765
Hill Climbing,702,2.158716917037964,325.1931712117372
Simulated Annealing,715,7.424471616744995,96.30314949112395
Tabu Search,677,8.540613174438477,79.2683131963193
Genetic Algorithm,762,13.235514879226685,57.572373039749976
K-means,694,2.9767231941223145,233.1422691133448
Greedy,675,2.0274252891540527,332.93458634998336
