Algorithm,Happiness Score,Execution Time (s),Efficiency (Happiness/Second)
Random,-296,0.004225015640258789,-70058.91225100163
Hill Climbing,1270,4.465242862701416,284.4190202079324
Simulated Annealing,1345,11.803487539291382,113.94937263438214
Tabu Search,1223,9.25944209098816,132.0813919437216
Genetic Algorithm,1306,13.173553228378296,99.13802125812434
K-means,1141,2.0036680698394775,569.455598547024
Greedy,1223,3.4364824295043945,355.88716808203776
